{"train_loss": [0.13292221827673104, 0.06314042474460116, 0.06582814165168545, 0.055562562723443586, 0.04543210591735422, 0.044380070271086876, 0.042042532250763744, 0.03808580460788734, 0.031936627085872006, 0.035136815301171735, 0.026792435293008263, 0.02889674888243543, 0.02276998643048622, 0.021512961055708324], "train_acc": [95.77222222222223, 98.06111111111112, 97.96666666666667, 98.31666666666666, 98.59444444444445, 98.63333333333334, 98.75555555555556, 98.77222222222223, 98.96111111111111, 98.92777777777778, 99.18333333333334, 99.06666666666666, 99.21111111111111, 99.35], "val_loss": [0.1277773619098589, 0.13188479952374474, 0.12899013499543072, 0.06513739039748907, 0.04864331363572273, 0.10497403690079227, 0.03465639713066775, 0.0440644363881147, 0.046285564120742494, 0.056101244042627514, 0.04126570459076902, 0.04153246778878383, 0.03227888486955635, 0.040498201927053744], "val_acc": [96.0, 96.35, 96.35, 98.15, 98.6, 96.8, 98.95, 98.5, 98.8, 98.15, 98.75, 98.85, 99.1, 99.05]}